week_number,image_number
5,IMG_0001
5,IMG_0002
5,IMG_0003
5,IMG_0014
5,IMG_0016
5,IMG_0017
5,IMG_0019
5,IMG_0022
5,IMG_0023
5,IMG_0030
5,IMG_0033
5,IMG_0039
5,IMG_0041
5,IMG_0043
5,IMG_0044
5,IMG_0045
5,IMG_0048
5,IMG_0058
5,IMG_0059
5,IMG_0061
5,IMG_0062
5,IMG_0071
5,IMG_0072
5,IMG_9979
5,IMG_9982
5,IMG_9984
5,IMG_9985
5,IMG_9986
5,IMG_9995
5,IMG_9998
6,IMG_0540
6,IMG_0542
6,IMG_0543
6,IMG_0545
6,IMG_0546
6,IMG_0547
6,IMG_0553
6,IMG_0558
6,IMG_0562
6,IMG_0563
6,IMG_0566
6,IMG_0568
6,IMG_0571
6,IMG_0572
6,IMG_0573
6,IMG_0574
6,IMG_0575
6,IMG_0576
6,IMG_0577
6,IMG_0578
6,IMG_0580
6,IMG_0581
6,IMG_0582
6,IMG_0583
6,IMG_0584
6,IMG_0586
6,IMG_0591
6,IMG_0597
6,IMG_0599
6,IMG_0600
6,IMG_0606
6,IMG_0609
6,IMG_0611
6,IMG_0612
6,IMG_0614
6,IMG_0618
6,IMG_0621
6,IMG_0622
6,IMG_0624
6,IMG_0633
6,IMG_0635
6,IMG_0638
6,IMG_0642
6,IMG_0645
6,IMG_0649
6,IMG_0652
7,IMG_1079
7,IMG_1082
7,IMG_1084
7,IMG_1085
7,IMG_1086
7,IMG_1093
7,IMG_1094
7,IMG_1096
7,IMG_1106
7,IMG_1107
7,IMG_1108
7,IMG_1109
7,IMG_1111
7,IMG_1112
7,IMG_1115
7,IMG_1117
7,IMG_1118
7,IMG_1119
7,IMG_1120
7,IMG_1128
7,IMG_1129
7,IMG_1130
7,IMG_1132
7,IMG_1133
7,IMG_1135
7,IMG_1136
7,IMG_1137
7,IMG_1143
7,IMG_1144
7,IMG_1145
7,IMG_1160
7,IMG_1161
7,IMG_1168
7,IMG_1170
7,IMG_1178
7,IMG_1182
7,IMG_1186
7,IMG_1187
7,IMG_1188
7,IMG_1190
7,IMG_1191
7,IMG_1193
7,IMG_1196
7,IMG_1199
7,IMG_1200
7,IMG_1201
7,IMG_1202
7,IMG_1204
7,IMG_1206
8,IMG_1875
8,IMG_1787
8,IMG_1857
8,IMG_1753
8,IMG_1768
8,IMG_1777
8,IMG_1784
8,IMG_1798
8,IMG_1812
8,IMG_1823
8,IMG_1832
8,IMG_1835
8,IMG_1840
8,IMG_1857
8,IMG_1868
8,IMG_1876
8,IMG_1899
8,IMG_1867
8,IMG_1849
8,IMG_1800
8,IMG_1906
8,IMG_1769
8,IMG_1776
8,IMG_1778
8,IMG_1799
8,IMG_1818
8,IMG_1827
8,IMG_1834
8,IMG_1838
8,IMG_1849
8,IMG_1867
8,IMG_1877
9,IMG_2112
9,IMG_2113
9,IMG_2117
9,IMG_2118
9,IMG_2124
9,IMG_2125
9,IMG_2128
9,IMG_2129
9,IMG_2130
9,IMG_2131
9,IMG_2132
9,IMG_2134
9,IMG_2135
9,IMG_2136
9,IMG_2140
9,IMG_2141
9,IMG_2142
9,IMG_2144
9,IMG_2145
9,IMG_2146
9,IMG_2147
9,IMG_2148
9,IMG_2149
9,IMG_2150
9,IMG_2151
9,IMG_2153
9,IMG_2155
9,IMG_2157
9,IMG_2158
9,IMG_2159
9,IMG_2161
9,IMG_2162
9,IMG_2163
9,IMG_2166
9,IMG_2167
9,IMG_2169
9,IMG_2171
9,IMG_2175
9,IMG_2183
9,IMG_2191
9,IMG_2198
9,IMG_2209
9,IMG_2210
9,IMG_2215
9,IMG_2217
9,IMG_2224
9,IMG_2225
9,IMG_2228
9,IMG_2229
9,IMG_2234
9,IMG_2235
9,IMG_2239
9,IMG_2242
9,IMG_2250
9,IMG_2257
9,IMG_2260
9,IMG_2271
9,IMG_2275
9,IMG_2276
9,IMG_2285
9,IMG_2300
9,IMG_2304
9,IMG_2305
